START DATE,START TIME,START TIME ET,SUBJECT,LOCATION,DESCRIPTION,END DATE,END DATE ET,END TIME,END TIME ET,REMINDER OFF,REMINDER ON,REMINDER DATE,REMINDER TIME,REMINDER TIME ET,SHOWTIMEAS FREE,SHOWTIMEAS BUSY
02/23/18,12:05 PM,03:05 PM,White Sox at Dodgers,Camelback Ranch - Glendale,"Local TV: SportsNet LA ----- Local Radio: AM 570 LA Sports- KTNQ 1020",02/23/18,02/23/18,03:05 PM,06:05 PM,FALSE,TRUE,02/23/18,11:05 AM,02:05 PM,FREE,BUSY
02/24/18,12:05 PM,03:05 PM,Dodgers at Royals,Surprise Stadium - Surprise,"",02/24/18,02/24/18,03:05 PM,06:05 PM,FALSE,TRUE,02/24/18,11:05 AM,02:05 PM,FREE,BUSY
02/24/18,12:05 PM,03:05 PM,Giants at Dodgers,Camelback Ranch - Glendale,"Local TV: SportsNet LA ----- Local Radio: AM 570 LA Sports- KTNQ 1020",02/24/18,02/24/18,03:05 PM,06:05 PM,FALSE,TRUE,02/24/18,11:05 AM,02:05 PM,FREE,BUSY
02/25/18,12:10 PM,03:10 PM,Dodgers at Mariners,Peoria Stadium - Peoria,"Local TV: SportsNet LA",02/25/18,02/25/18,03:10 PM,06:10 PM,FALSE,TRUE,02/25/18,11:10 AM,02:10 PM,FREE,BUSY
02/26/18,12:05 PM,03:05 PM,Dodgers at Rangers,Surprise Stadium - Surprise,"",02/26/18,02/26/18,03:05 PM,06:05 PM,FALSE,TRUE,02/26/18,11:05 AM,02:05 PM,FREE,BUSY
02/27/18,12:05 PM,03:05 PM,Rangers at Dodgers,Camelback Ranch - Glendale,"",02/27/18,02/27/18,03:05 PM,06:05 PM,FALSE,TRUE,02/27/18,11:05 AM,02:05 PM,FREE,BUSY
02/28/18,12:10 PM,03:10 PM,Dodgers at Padres,Peoria Stadium - Peoria,"",02/28/18,02/28/18,03:10 PM,06:10 PM,FALSE,TRUE,02/28/18,11:10 AM,02:10 PM,FREE,BUSY
03/01/18,12:05 PM,03:05 PM,Indians at Dodgers,Camelback Ranch - Glendale,"",03/01/18,03/01/18,03:05 PM,06:05 PM,FALSE,TRUE,03/01/18,11:05 AM,02:05 PM,FREE,BUSY
03/02/18,12:05 PM,03:05 PM,Dodgers at White Sox,Camelback Ranch - Glendale,"Local TV: SportsNet LA ----- Local Radio: AM 570 LA Sports",03/02/18,03/02/18,03:05 PM,06:05 PM,FALSE,TRUE,03/02/18,11:05 AM,02:05 PM,FREE,BUSY
03/03/18,12:05 PM,03:05 PM,D-backs at Dodgers,Camelback Ranch - Glendale,"Local TV: SportsNet LA ----- Local Radio: AM 570 LA Sports",03/03/18,03/03/18,03:05 PM,06:05 PM,FALSE,TRUE,03/03/18,11:05 AM,02:05 PM,FREE,BUSY
03/04/18,12:05 PM,03:05 PM,Dodgers at Giants,Scottsdale Stadium - Scottsdale,"Local TV: SportsNet LA ----- Local Radio: AM 570 LA Sports",03/04/18,03/04/18,03:05 PM,06:05 PM,FALSE,TRUE,03/04/18,11:05 AM,02:05 PM,FREE,BUSY
03/05/18,12:05 PM,03:05 PM,Indians at Dodgers,Camelback Ranch - Glendale,"",03/05/18,03/05/18,03:05 PM,06:05 PM,FALSE,TRUE,03/05/18,11:05 AM,02:05 PM,FREE,BUSY
03/06/18,12:05 PM,03:05 PM,Dodgers at Cubs,Sloan Park - Mesa,"",03/06/18,03/06/18,03:05 PM,06:05 PM,FALSE,TRUE,03/06/18,11:05 AM,02:05 PM,FREE,BUSY
03/07/18,12:10 PM,03:10 PM,Dodgers at Angels,Tempe Diablo Stadium - Tempe,"",03/07/18,03/07/18,03:10 PM,06:10 PM,FALSE,TRUE,03/07/18,11:10 AM,02:10 PM,FREE,BUSY
03/08/18,05:05 PM,08:05 PM,Dodgers at Indians,Goodyear Ballpark - Goodyear,"Local TV: SportsNet LA",03/08/18,03/08/18,08:05 PM,11:05 PM,FALSE,TRUE,03/08/18,04:05 PM,07:05 PM,FREE,BUSY
03/09/18,12:05 PM,03:05 PM,Royals at Dodgers,Camelback Ranch - Glendale,"Local TV: SportsNet LA ----- Local Radio: AM 570 LA Sports",03/09/18,03/09/18,03:05 PM,06:05 PM,FALSE,TRUE,03/09/18,11:05 AM,02:05 PM,FREE,BUSY
03/10/18,06:05 PM,09:05 PM,Cubs at Dodgers,Camelback Ranch - Glendale,"Local TV: SportsNet LA",03/10/18,03/11/18,09:05 PM,12:05 AM,FALSE,TRUE,03/10/18,05:05 PM,08:05 PM,FREE,BUSY
03/11/18,01:10 PM,04:10 PM,Dodgers at Rockies,Salt River Fields at Talking Stick - Scottsdale,"Local TV: SportsNet LA ----- Local Radio: AM 570 LA Sports",03/11/18,03/11/18,04:10 PM,07:10 PM,FALSE,TRUE,03/11/18,12:10 PM,03:10 PM,FREE,BUSY
03/12/18,01:05 PM,04:05 PM,Brewers at Dodgers,Camelback Ranch - Glendale,"",03/12/18,03/12/18,04:05 PM,07:05 PM,FALSE,TRUE,03/12/18,12:05 PM,03:05 PM,FREE,BUSY
03/14/18,07:05 PM,10:05 PM,Rockies at Dodgers,Camelback Ranch - Glendale,"Local TV: SportsNet LA ----- Local Radio: AM 570 LA Sports",03/14/18,03/15/18,10:05 PM,01:05 AM,FALSE,TRUE,03/14/18,06:05 PM,09:05 PM,FREE,BUSY
03/15/18,01:05 PM,04:05 PM,Royals at Dodgers,Camelback Ranch - Glendale,"Local TV: SportsNet LA- MLBN",03/15/18,03/15/18,04:05 PM,07:05 PM,FALSE,TRUE,03/15/18,12:05 PM,03:05 PM,FREE,BUSY
03/16/18,01:10 PM,04:10 PM,Dodgers at D-backs,Salt River Fields at Talking Stick - Scottsdale,"",03/16/18,03/16/18,04:10 PM,07:10 PM,FALSE,TRUE,03/16/18,12:10 PM,03:10 PM,FREE,BUSY
03/17/18,01:05 PM,04:05 PM,Dodgers at White Sox,Camelback Ranch - Glendale,"Local TV: SportsNet LA- MLBN ----- Local Radio: AM 570 LA Sports- KTNQ 1020",03/17/18,03/17/18,04:05 PM,07:05 PM,FALSE,TRUE,03/17/18,12:05 PM,03:05 PM,FREE,BUSY
03/18/18,01:05 PM,04:05 PM,Padres at Dodgers,Camelback Ranch - Glendale,"Local TV: SportsNet LA ----- Local Radio: AM 570 LA Sports- KTNQ 1020",03/18/18,03/18/18,04:05 PM,07:05 PM,FALSE,TRUE,03/18/18,12:05 PM,03:05 PM,FREE,BUSY
03/18/18,01:05 PM,04:05 PM,Dodgers at Brewers,Maryvale Baseball Park - Phoenix,"",03/18/18,03/18/18,04:05 PM,07:05 PM,FALSE,TRUE,03/18/18,12:05 PM,03:05 PM,FREE,BUSY
03/19/18,07:05 PM,10:05 PM,Athletics at Dodgers,Camelback Ranch - Glendale,"Local TV: SportsNet LA ----- Local Radio: AM 570 LA Sports- KTNQ 1020",03/19/18,03/20/18,10:05 PM,01:05 AM,FALSE,TRUE,03/19/18,06:05 PM,09:05 PM,FREE,BUSY
03/20/18,01:05 PM,04:05 PM,Dodgers at Athletics,Hohokam Stadium - Mesa,"",03/20/18,03/20/18,04:05 PM,07:05 PM,FALSE,TRUE,03/20/18,12:05 PM,03:05 PM,FREE,BUSY
03/22/18,07:05 PM,10:05 PM,Angels at Dodgers,Camelback Ranch - Glendale,"Local TV: SportsNet LA ----- Local Radio: AM 570 LA Sports",03/22/18,03/23/18,10:05 PM,01:05 AM,FALSE,TRUE,03/22/18,06:05 PM,09:05 PM,FREE,BUSY
03/23/18,01:05 PM,04:05 PM,Dodgers at Royals,Surprise Stadium - Surprise,"",03/23/18,03/23/18,04:05 PM,07:05 PM,FALSE,TRUE,03/23/18,12:05 PM,03:05 PM,FREE,BUSY
03/24/18,12:05 PM,03:05 PM,White Sox at Dodgers,Camelback Ranch - Glendale,"Local TV: SportsNet LA ----- Local Radio: AM 570 LA Sports",03/24/18,03/24/18,03:05 PM,06:05 PM,FALSE,TRUE,03/24/18,11:05 AM,02:05 PM,FREE,BUSY
03/25/18,06:07 PM,09:07 PM,Dodgers at Angels,Angel Stadium of Anaheim - Anaheim,"Local TV: SportsNet LA- MLBN ----- Local Radio: AM 570 LA Sports- KTNQ 1020",03/25/18,03/26/18,09:07 PM,12:07 AM,FALSE,TRUE,03/25/18,05:07 PM,08:07 PM,FREE,BUSY
03/26/18,07:10 PM,10:10 PM,Angels at Dodgers,Dodger Stadium - Los Angeles,"Local TV: SportsNet LA ----- Local Radio: AM 570 LA Sports- KTNQ 1020",03/26/18,03/27/18,10:10 PM,01:10 AM,FALSE,TRUE,03/26/18,06:10 PM,09:10 PM,FREE,BUSY
03/27/18,07:10 PM,10:10 PM,Angels at Dodgers,Dodger Stadium - Los Angeles,"Local TV: SportsNet LA ----- Local Radio: AM 570 LA Sports- KTNQ 1020",03/27/18,03/28/18,10:10 PM,01:10 AM,FALSE,TRUE,03/27/18,06:10 PM,09:10 PM,FREE,BUSY
03/29/18,04:08 PM,07:08 PM,Giants at Dodgers,Dodger Stadium - Los Angeles,"Local TV: ESPN ----- Local Radio: AM 570 LA Sports- KTNQ 1020- Radio Korea 1540",03/29/18,03/29/18,07:08 PM,10:08 PM,FALSE,TRUE,03/29/18,03:08 PM,06:08 PM,FREE,BUSY
03/30/18,07:10 PM,10:10 PM,Giants at Dodgers,Dodger Stadium - Los Angeles,"Local TV: SportsNet LA- KTLA- SNLA Spanish ----- Local Radio: AM 570 LA Sports- KTNQ 1020",03/30/18,03/31/18,10:10 PM,01:10 AM,FALSE,TRUE,03/30/18,06:10 PM,09:10 PM,FREE,BUSY
03/31/18,06:10 PM,09:10 PM,Giants at Dodgers,Dodger Stadium - Los Angeles,"Local TV: SportsNet LA- SNLA Spanish ----- Local Radio: AM 570 LA Sports- KTNQ 1020- Radio Korea 1540",03/31/18,04/01/18,09:10 PM,12:10 AM,FALSE,TRUE,03/31/18,05:10 PM,08:10 PM,FREE,BUSY
04/01/18,05:37 PM,08:37 PM,Giants at Dodgers,Dodger Stadium - Los Angeles,"Local TV: ESPN ----- Local Radio: AM 570 LA Sports- KTNQ 1020- Radio Korea 1540",04/01/18,04/01/18,08:37 PM,11:37 PM,FALSE,TRUE,04/01/18,04:37 PM,07:37 PM,FREE,BUSY
04/02/18,06:40 PM,09:40 PM,Dodgers at D-backs,Chase Field - Phoenix,"Local TV: SportsNet LA- SNLA Spanish ----- Local Radio: AM 570 LA Sports- KTNQ 1020- Radio Korea 1540",04/02/18,04/03/18,09:40 PM,12:40 AM,FALSE,TRUE,04/02/18,05:40 PM,08:40 PM,FREE,BUSY
04/03/18,06:40 PM,09:40 PM,Dodgers at D-backs,Chase Field - Phoenix,"Local TV: SportsNet LA- SNLA Spanish ----- Local Radio: AM 570 LA Sports- KTNQ 1020",04/03/18,04/04/18,09:40 PM,12:40 AM,FALSE,TRUE,04/03/18,05:40 PM,08:40 PM,FREE,BUSY
04/04/18,12:40 PM,03:40 PM,Dodgers at D-backs,Chase Field - Phoenix,"Local TV: SportsNet LA- SNLA Spanish ----- Local Radio: AM 570 LA Sports- KTNQ 1020",04/04/18,04/04/18,03:40 PM,06:40 PM,FALSE,TRUE,04/04/18,11:40 AM,02:40 PM,FREE,BUSY
04/07/18,03:05 PM,06:05 PM,Dodgers at Giants,AT&T Park - San Francisco,"Local TV: SportsNet LA- KTLA- SNLA Spanish ----- Local Radio: AM 570 LA Sports- KTNQ 1020",04/07/18,04/07/18,06:05 PM,09:05 PM,FALSE,TRUE,04/07/18,02:05 PM,05:05 PM,FREE,BUSY
04/08/18,01:05 PM,04:05 PM,Dodgers at Giants,AT&T Park - San Francisco,"Local TV: SportsNet LA- SNLA Spanish ----- Local Radio: AM 570 LA Sports- KTNQ 1020- Radio Korea 1540",04/08/18,04/08/18,04:05 PM,07:05 PM,FALSE,TRUE,04/08/18,12:05 PM,03:05 PM,FREE,BUSY
04/10/18,07:10 PM,10:10 PM,Athletics at Dodgers,Dodger Stadium - Los Angeles,"Local TV: SportsNet LA- SNLA Spanish- MLBN (out-of-market only) ----- Local Radio: AM 570 LA Sports- KTNQ 1020- Radio Korea 1540",04/10/18,04/11/18,10:10 PM,01:10 AM,FALSE,TRUE,04/10/18,06:10 PM,09:10 PM,FREE,BUSY
04/11/18,07:10 PM,10:10 PM,Athletics at Dodgers,Dodger Stadium - Los Angeles,"Local TV: SportsNet LA- SNLA Spanish ----- Local Radio: AM 570 LA Sports- KTNQ 1020",04/11/18,04/12/18,10:10 PM,01:10 AM,FALSE,TRUE,04/11/18,06:10 PM,09:10 PM,FREE,BUSY
04/13/18,07:10 PM,10:10 PM,D-backs at Dodgers,Dodger Stadium - Los Angeles,"Local TV: SportsNet LA- SNLA Spanish- KTLA ----- Local Radio: AM 570 LA Sports- KTNQ 1020",04/13/18,04/14/18,10:10 PM,01:10 AM,FALSE,TRUE,04/13/18,06:10 PM,09:10 PM,FREE,BUSY
04/14/18,06:10 PM,09:10 PM,D-backs at Dodgers,Dodger Stadium - Los Angeles,"Local TV: SportsNet LA- MLBN (out-of-market only)- SNLA Spanish ----- Local Radio: AM 570 LA Sports- KTNQ 1020- Radio Korea 1540",04/14/18,04/15/18,09:10 PM,12:10 AM,FALSE,TRUE,04/14/18,05:10 PM,08:10 PM,FREE,BUSY
04/15/18,01:10 PM,04:10 PM,D-backs at Dodgers,Dodger Stadium - Los Angeles,"Local TV: SportsNet LA- SNLA Spanish ----- Local Radio: AM 570 LA Sports- KTNQ 1020",04/15/18,04/15/18,04:10 PM,07:10 PM,FALSE,TRUE,04/15/18,12:10 PM,03:10 PM,FREE,BUSY
04/16/18,07:10 PM,10:10 PM,Dodgers at Padres,Petco Park - San Diego,"Local TV: SportsNet LA- SNLA Spanish- MLBN (out-of-market only) ----- Local Radio: AM 570 LA Sports- KTNQ 1020- Radio Korea 1540",04/16/18,04/17/18,10:10 PM,01:10 AM,FALSE,TRUE,04/16/18,06:10 PM,09:10 PM,FREE,BUSY
04/17/18,07:10 PM,10:10 PM,Dodgers at Padres,Petco Park - San Diego,"Local TV: SportsNet LA- SNLA Spanish ----- Local Radio: AM 570 LA Sports- KTNQ 1020",04/17/18,04/18/18,10:10 PM,01:10 AM,FALSE,TRUE,04/17/18,06:10 PM,09:10 PM,FREE,BUSY
04/18/18,07:10 PM,10:10 PM,Dodgers at Padres,Petco Park - San Diego,"Local TV: SportsNet LA- SNLA Spanish ----- Local Radio: AM 570 LA Sports- KTNQ 1020",04/18/18,04/19/18,10:10 PM,01:10 AM,FALSE,TRUE,04/18/18,06:10 PM,09:10 PM,FREE,BUSY
04/20/18,07:10 PM,10:10 PM,Nationals at Dodgers,Dodger Stadium - Los Angeles,"Local TV: SportsNet LA- SNLA Spanish ----- Local Radio: AM 570 LA Sports- KTNQ 1020",04/20/18,04/21/18,10:10 PM,01:10 AM,FALSE,TRUE,04/20/18,06:10 PM,09:10 PM,FREE,BUSY
04/21/18,06:10 PM,09:10 PM,Nationals at Dodgers,Dodger Stadium - Los Angeles,"Local TV: SportsNet LA- KTLA- SNLA Spanish- MLBN (out-of-market only) ----- Local Radio: AM 570 LA Sports- KTNQ 1020- Radio Korea 1540",04/21/18,04/22/18,09:10 PM,12:10 AM,FALSE,TRUE,04/21/18,05:10 PM,08:10 PM,FREE,BUSY
04/22/18,05:05 PM,08:05 PM,Nationals at Dodgers,Dodger Stadium - Los Angeles,"Local TV: ESPN- SNLA Spanish ----- Local Radio: AM 570 LA Sports- KTNQ 1020",04/22/18,04/22/18,08:05 PM,11:05 PM,FALSE,TRUE,04/22/18,04:05 PM,07:05 PM,FREE,BUSY
04/23/18,07:10 PM,10:10 PM,Marlins at Dodgers,Dodger Stadium - Los Angeles,"Local TV: SportsNet LA- SNLA Spanish- MLBN (out-of-market only) ----- Local Radio: AM 570 LA Sports- KTNQ 1020",04/23/18,04/24/18,10:10 PM,01:10 AM,FALSE,TRUE,04/23/18,06:10 PM,09:10 PM,FREE,BUSY
04/24/18,07:10 PM,10:10 PM,Marlins at Dodgers,Dodger Stadium - Los Angeles,"Local TV: SportsNet LA- SNLA Spanish ----- Local Radio: AM 570 LA Sports- KTNQ 1020",04/24/18,04/25/18,10:10 PM,01:10 AM,FALSE,TRUE,04/24/18,06:10 PM,09:10 PM,FREE,BUSY
04/25/18,04:35 PM,07:35 PM,Marlins at Dodgers,Dodger Stadium - Los Angeles,"Local TV: SportsNet LA- SNLA Spanish ----- Local Radio: AM 570 LA Sports- KTNQ 1020",04/25/18,04/25/18,07:35 PM,10:35 PM,FALSE,TRUE,04/25/18,03:35 PM,06:35 PM,FREE,BUSY
04/27/18,07:15 PM,10:15 PM,Dodgers at Giants,AT&T Park - San Francisco,"Local TV: SportsNet LA- SNLA Spanish ----- Local Radio: AM 570 LA Sports- KTNQ 1020",04/27/18,04/28/18,10:15 PM,01:15 AM,FALSE,TRUE,04/27/18,06:15 PM,09:15 PM,FREE,BUSY
04/28/18,01:05 PM,04:05 PM,Dodgers at Giants,AT&T Park - San Francisco,"Local TV: SportsNet LA- SNLA Spanish ----- Local Radio: AM 570 LA Sports- KTNQ 1020",04/28/18,04/28/18,04:05 PM,07:05 PM,FALSE,TRUE,04/28/18,12:05 PM,03:05 PM,FREE,BUSY
04/28/18,07:05 PM,10:05 PM,Dodgers at Giants,AT&T Park - San Francisco,"Local TV: SportsNet LA- KTLA- SNLA Spanish ----- Local Radio: AM 570 LA Sports- KTNQ 1020",04/28/18,04/29/18,10:05 PM,01:05 AM,FALSE,TRUE,04/28/18,06:05 PM,09:05 PM,FREE,BUSY
04/29/18,02:05 PM,05:05 PM,Dodgers at Giants,AT&T Park - San Francisco,"Local TV: SportsNet LA- SNLA Spanish ----- Local Radio: AM 570 LA Sports- KTNQ 1020",04/29/18,04/29/18,05:05 PM,08:05 PM,FALSE,TRUE,04/29/18,01:05 PM,04:05 PM,FREE,BUSY
04/30/18,06:40 PM,09:40 PM,Dodgers at D-backs,Chase Field - Phoenix,"Local TV: SportsNet LA- SNLA Spanish ----- Local Radio: AM 570 LA Sports- KTNQ 1020",04/30/18,05/01/18,09:40 PM,12:40 AM,FALSE,TRUE,04/30/18,05:40 PM,08:40 PM,FREE,BUSY
05/01/18,06:40 PM,09:40 PM,Dodgers at D-backs,Chase Field - Phoenix,"Local TV: SportsNet LA- SNLA Spanish ----- Local Radio: AM 570 LA Sports- KTNQ 1020",05/01/18,05/02/18,09:40 PM,12:40 AM,FALSE,TRUE,05/01/18,05:40 PM,08:40 PM,FREE,BUSY
05/02/18,06:40 PM,09:40 PM,Dodgers at D-backs,Chase Field - Phoenix,"Local TV: SportsNet LA- SNLA Spanish ----- Local Radio: AM 570 LA Sports- KTNQ 1020- KMPC 1540",05/02/18,05/03/18,09:40 PM,12:40 AM,FALSE,TRUE,05/02/18,05:40 PM,08:40 PM,FREE,BUSY
05/03/18,12:40 PM,03:40 PM,Dodgers at D-backs,Chase Field - Phoenix,"Local TV: FB-WATCH ----- Local Radio: AM 570 LA Sports- KTNQ 1020",05/03/18,05/03/18,03:40 PM,06:40 PM,FALSE,TRUE,05/03/18,11:40 AM,02:40 PM,FREE,BUSY
05/04/18,06:10 PM,09:10 PM,Dodgers at Padres,Estadio de Beisbol Monterrey - Monterrey,"Local TV: SportsNet LA- MLBN (out-of-market only)- SNLA Spanish ----- Local Radio: AM 570 LA Sports- KTNQ 1020",05/04/18,05/05/18,09:10 PM,12:10 AM,FALSE,TRUE,05/04/18,05:10 PM,08:10 PM,FREE,BUSY
05/05/18,04:10 PM,07:10 PM,Dodgers at Padres,Estadio de Beisbol Monterrey - Monterrey,"Local TV: SportsNet LA- FS1- SNLA Spanish- FOX Deportes ----- Local Radio: AM 570 LA Sports- KTNQ 1020- KMPC 1540",05/05/18,05/05/18,07:10 PM,10:10 PM,FALSE,TRUE,05/05/18,03:10 PM,06:10 PM,FREE,BUSY
05/06/18,01:10 PM,04:10 PM,Dodgers at Padres,Estadio de Beisbol Monterrey - Monterrey,"Local TV: SportsNet LA- SNLA Spanish- ESPN (out-of-market only) ----- Local Radio: AM 570 LA Sports- KTNQ 1020",05/06/18,05/06/18,04:10 PM,07:10 PM,FALSE,TRUE,05/06/18,12:10 PM,03:10 PM,FREE,BUSY
05/08/18,07:10 PM,10:10 PM,D-backs at Dodgers,Dodger Stadium - Los Angeles,"Local TV: SportsNet LA- SNLA Spanish ----- Local Radio: AM 570 LA Sports- KTNQ 1020",05/08/18,05/09/18,10:10 PM,01:10 AM,FALSE,TRUE,05/08/18,06:10 PM,09:10 PM,FREE,BUSY
05/09/18,07:10 PM,10:10 PM,D-backs at Dodgers,Dodger Stadium - Los Angeles,"Local TV: SportsNet LA- MLBN (out-of-market only)- SNLA Spanish ----- Local Radio: AM 570 LA Sports- KTNQ 1020- Radio Korea 1540",05/09/18,05/10/18,10:10 PM,01:10 AM,FALSE,TRUE,05/09/18,06:10 PM,09:10 PM,FREE,BUSY
05/10/18,07:10 PM,10:10 PM,Reds at Dodgers,Dodger Stadium - Los Angeles,"Local TV: SportsNet LA- SNLA Spanish ----- Local Radio: AM 570 LA Sports- KTNQ 1020",05/10/18,05/11/18,10:10 PM,01:10 AM,FALSE,TRUE,05/10/18,06:10 PM,09:10 PM,FREE,BUSY
05/11/18,07:10 PM,10:10 PM,Reds at Dodgers,Dodger Stadium - Los Angeles,"Local TV: SportsNet LA- SNLA Spanish ----- Local Radio: AM 570 LA Sports- KTNQ 1020",05/11/18,05/12/18,10:10 PM,01:10 AM,FALSE,TRUE,05/11/18,06:10 PM,09:10 PM,FREE,BUSY
05/12/18,06:10 PM,09:10 PM,Reds at Dodgers,Dodger Stadium - Los Angeles,"Local TV: SportsNet LA- SNLA Spanish ----- Local Radio: AM 570 LA Sports- Radio Korea 1540- KTNQ 1020",05/12/18,05/13/18,09:10 PM,12:10 AM,FALSE,TRUE,05/12/18,05:10 PM,08:10 PM,FREE,BUSY
05/13/18,01:10 PM,04:10 PM,Reds at Dodgers,Dodger Stadium - Los Angeles,"Local TV: SportsNet LA- SNLA Spanish ----- Local Radio: AM 570 LA Sports- KTNQ 1020",05/13/18,05/13/18,04:10 PM,07:10 PM,FALSE,TRUE,05/13/18,12:10 PM,03:10 PM,FREE,BUSY
05/15/18,04:10 PM,07:10 PM,Dodgers at Marlins,Marlins Park - Miami,"Local TV: SportsNet LA- SNLA Spanish ----- Local Radio: AM 570 LA Sports- KTNQ 1020",05/15/18,05/15/18,07:10 PM,10:10 PM,FALSE,TRUE,05/15/18,03:10 PM,06:10 PM,FREE,BUSY
05/16/18,04:10 PM,07:10 PM,Dodgers at Marlins,Marlins Park - Miami,"Local TV: SportsNet LA- SNLA Spanish ----- Local Radio: AM 570 LA Sports- KTNQ 1020",05/16/18,05/16/18,07:10 PM,10:10 PM,FALSE,TRUE,05/16/18,03:10 PM,06:10 PM,FREE,BUSY
05/17/18,09:10 AM,12:10 PM,Dodgers at Marlins,Marlins Park - Miami,"Local TV: SportsNet LA- MLBN (out-of-market only)- SNLA Spanish ----- Local Radio: AM 570 LA Sports- KTNQ 1020",05/17/18,05/17/18,12:10 PM,03:10 PM,FALSE,TRUE,05/17/18,08:10 AM,11:10 AM,FREE,BUSY
05/18/18,04:05 PM,07:05 PM,Dodgers at Nationals,Nationals Park - Washington,"Local TV: SportsNet LA- MLBN (out-of-market only)- SNLA Spanish ----- Local Radio: AM 570 LA Sports- KTNQ 1020",05/18/18,05/18/18,07:05 PM,10:05 PM,FALSE,TRUE,05/18/18,03:05 PM,06:05 PM,FREE,BUSY
05/19/18,04:05 PM,07:05 PM,Dodgers at Nationals,Nationals Park - Washington,"Local TV: SportsNet LA- SNLA Spanish ----- Local Radio: AM 570 LA Sports- KTNQ 1020",05/19/18,05/19/18,07:05 PM,10:05 PM,FALSE,TRUE,05/19/18,03:05 PM,06:05 PM,FREE,BUSY
05/20/18,10:35 AM,01:35 PM,Dodgers at Nationals,Nationals Park - Washington,"Local TV: SportsNet LA- MLBN (out-of-market only)- SNLA Spanish ----- Local Radio: AM 570 LA Sports- KTNQ 1020",05/20/18,05/20/18,01:35 PM,04:35 PM,FALSE,TRUE,05/20/18,09:35 AM,12:35 PM,FREE,BUSY
05/21/18,07:10 PM,10:10 PM,Rockies at Dodgers,Dodger Stadium - Los Angeles,"Local TV: SportsNet LA- SNLA Spanish ----- Local Radio: AM 570 LA Sports- KTNQ 1020",05/21/18,05/22/18,10:10 PM,01:10 AM,FALSE,TRUE,05/21/18,06:10 PM,09:10 PM,FREE,BUSY
05/22/18,07:10 PM,10:10 PM,Rockies at Dodgers,Dodger Stadium - Los Angeles,"Local TV: SportsNet LA- ESPN- SNLA Spanish ----- Local Radio: AM 570 LA Sports- KTNQ 1020",05/22/18,05/23/18,10:10 PM,01:10 AM,FALSE,TRUE,05/22/18,06:10 PM,09:10 PM,FREE,BUSY
05/23/18,07:10 PM,10:10 PM,Rockies at Dodgers,Dodger Stadium - Los Angeles,"Local TV: SportsNet LA- SNLA Spanish ----- Local Radio: AM 570 LA Sports- KTNQ 1020",05/23/18,05/24/18,10:10 PM,01:10 AM,FALSE,TRUE,05/23/18,06:10 PM,09:10 PM,FREE,BUSY
05/25/18,07:10 PM,10:10 PM,Padres at Dodgers,Dodger Stadium - Los Angeles,"Local TV: SportsNet LA- SNLA Spanish ----- Local Radio: AM 570 LA Sports- KTNQ 1020",05/25/18,05/26/18,10:10 PM,01:10 AM,FALSE,TRUE,05/25/18,06:10 PM,09:10 PM,FREE,BUSY
05/26/18,07:10 PM,10:10 PM,Padres at Dodgers,Dodger Stadium - Los Angeles,"Local TV: SportsNet LA- MLBN (out-of-market only)- SNLA Spanish ----- Local Radio: AM 570 LA Sports- KTNQ 1020",05/26/18,05/27/18,10:10 PM,01:10 AM,FALSE,TRUE,05/26/18,06:10 PM,09:10 PM,FREE,BUSY
05/27/18,01:10 PM,04:10 PM,Padres at Dodgers,Dodger Stadium - Los Angeles,"Local TV: SportsNet LA- SNLA Spanish ----- Local Radio: AM 570 LA Sports- KTNQ 1020",05/27/18,05/27/18,04:10 PM,07:10 PM,FALSE,TRUE,05/27/18,12:10 PM,03:10 PM,FREE,BUSY
05/28/18,05:10 PM,08:10 PM,Phillies at Dodgers,Dodger Stadium - Los Angeles,"Local TV: SportsNet LA- SNLA Spanish ----- Local Radio: AM 570 LA Sports- KTNQ 1020",05/28/18,05/28/18,08:10 PM,11:10 PM,FALSE,TRUE,05/28/18,04:10 PM,07:10 PM,FREE,BUSY
05/29/18,07:10 PM,10:10 PM,Phillies at Dodgers,Dodger Stadium - Los Angeles,"Local TV: SportsNet LA- SNLA Spanish ----- Local Radio: AM 570 LA Sports- KTNQ 1020",05/29/18,05/30/18,10:10 PM,01:10 AM,FALSE,TRUE,05/29/18,06:10 PM,09:10 PM,FREE,BUSY
05/30/18,07:10 PM,10:10 PM,Phillies at Dodgers,Dodger Stadium - Los Angeles,"Local TV: SportsNet LA- SNLA Spanish ----- Local Radio: AM 570 LA Sports- KTNQ 1020",05/30/18,05/31/18,10:10 PM,01:10 AM,FALSE,TRUE,05/30/18,06:10 PM,09:10 PM,FREE,BUSY
05/31/18,04:35 PM,07:35 PM,Phillies at Dodgers,Dodger Stadium - Los Angeles,"Local TV: SportsNet LA- SNLA Spanish ----- Local Radio: AM 570 LA Sports- KTNQ 1020",05/31/18,05/31/18,07:35 PM,10:35 PM,FALSE,TRUE,05/31/18,03:35 PM,06:35 PM,FREE,BUSY
06/01/18,05:40 PM,08:40 PM,Dodgers at Rockies,Coors Field - Denver,"Local TV: SportsNet LA- MLBN (out-of-market only)- SNLA Spanish ----- Local Radio: AM 570 LA Sports- KTNQ 1020",06/01/18,06/01/18,08:40 PM,11:40 PM,FALSE,TRUE,06/01/18,04:40 PM,07:40 PM,FREE,BUSY
06/02/18,04:15 PM,07:15 PM,Dodgers at Rockies,Coors Field - Denver,"Local TV: FOX ----- Local Radio: AM 570 LA Sports- KTNQ 1020",06/02/18,06/02/18,07:15 PM,10:15 PM,FALSE,TRUE,06/02/18,03:15 PM,06:15 PM,FREE,BUSY
06/03/18,12:10 PM,03:10 PM,Dodgers at Rockies,Coors Field - Denver,"Local TV: SportsNet LA- SNLA Spanish ----- Local Radio: AM 570 LA Sports- KTNQ 1020",06/03/18,06/03/18,03:10 PM,06:10 PM,FALSE,TRUE,06/03/18,11:10 AM,02:10 PM,FREE,BUSY
06/05/18,04:05 PM,07:05 PM,Dodgers at Pirates,PNC Park - Pittsburgh,"Local TV: SportsNet LA- SNLA Spanish ----- Local Radio: AM 570 LA Sports- KTNQ 1020",06/05/18,06/05/18,07:05 PM,10:05 PM,FALSE,TRUE,06/05/18,03:05 PM,06:05 PM,FREE,BUSY
06/06/18,04:05 PM,07:05 PM,Dodgers at Pirates,PNC Park - Pittsburgh,"Local TV: SportsNet LA- SNLA Spanish ----- Local Radio: AM 570 LA Sports- KTNQ 1020",06/06/18,06/06/18,07:05 PM,10:05 PM,FALSE,TRUE,06/06/18,03:05 PM,06:05 PM,FREE,BUSY
06/07/18,09:35 AM,12:35 PM,Dodgers at Pirates,PNC Park - Pittsburgh,"Local TV: SportsNet LA- SNLA Spanish ----- Local Radio: AM 570 LA Sports- KTNQ 1020",06/07/18,06/07/18,12:35 PM,03:35 PM,FALSE,TRUE,06/07/18,08:35 AM,11:35 AM,FREE,BUSY
06/08/18,07:10 PM,10:10 PM,Braves at Dodgers,Dodger Stadium - Los Angeles,"Local TV: SportsNet LA- SNLA Spanish ----- Local Radio: AM 570 LA Sports- KTNQ 1020",06/08/18,06/09/18,10:10 PM,01:10 AM,FALSE,TRUE,06/08/18,06:10 PM,09:10 PM,FREE,BUSY
06/09/18,06:10 PM,09:10 PM,Braves at Dodgers,Dodger Stadium - Los Angeles,"Local TV: SportsNet LA- SNLA Spanish ----- Local Radio: AM 570 LA Sports- KTNQ 1020",06/09/18,06/10/18,09:10 PM,12:10 AM,FALSE,TRUE,06/09/18,05:10 PM,08:10 PM,FREE,BUSY
06/10/18,01:10 PM,04:10 PM,Braves at Dodgers,Dodger Stadium - Los Angeles,"Local TV: SportsNet LA- SNLA Spanish ----- Local Radio: AM 570 LA Sports- KTNQ 1020",06/10/18,06/10/18,04:10 PM,07:10 PM,FALSE,TRUE,06/10/18,12:10 PM,03:10 PM,FREE,BUSY
06/12/18,07:10 PM,10:10 PM,Rangers at Dodgers,Dodger Stadium - Los Angeles,"Local TV: SportsNet LA- SNLA Spanish ----- Local Radio: AM 570 LA Sports- KTNQ 1020",06/12/18,06/13/18,10:10 PM,01:10 AM,FALSE,TRUE,06/12/18,06:10 PM,09:10 PM,FREE,BUSY
06/13/18,07:10 PM,10:10 PM,Rangers at Dodgers,Dodger Stadium - Los Angeles,"Local TV: SportsNet LA- SNLA Spanish ----- Local Radio: AM 570 LA Sports- KTNQ 1020",06/13/18,06/14/18,10:10 PM,01:10 AM,FALSE,TRUE,06/13/18,06:10 PM,09:10 PM,FREE,BUSY
06/15/18,07:10 PM,10:10 PM,Giants at Dodgers,Dodger Stadium - Los Angeles,"Local TV: SportsNet LA- SNLA Spanish ----- Local Radio: AM 570 LA Sports- KTNQ 1020",06/15/18,06/16/18,10:10 PM,01:10 AM,FALSE,TRUE,06/15/18,06:10 PM,09:10 PM,FREE,BUSY
06/16/18,05:15 PM,08:15 PM,Giants at Dodgers,Dodger Stadium - Los Angeles,"Local TV: FOX ----- Local Radio: AM 570 LA Sports- KTNQ 1020",06/16/18,06/16/18,08:15 PM,11:15 PM,FALSE,TRUE,06/16/18,04:15 PM,07:15 PM,FREE,BUSY
06/17/18,01:10 PM,04:10 PM,Giants at Dodgers,Dodger Stadium - Los Angeles,"Local TV: SportsNet LA- SNLA Spanish ----- Local Radio: AM 570 LA Sports- KTNQ 1020",06/17/18,06/17/18,04:10 PM,07:10 PM,FALSE,TRUE,06/17/18,12:10 PM,03:10 PM,FREE,BUSY
06/18/18,05:05 PM,08:05 PM,Dodgers at Cubs,Wrigley Field - Chicago,"Local TV: SportsNet LA- SNLA Spanish ----- Local Radio: AM 570 LA Sports- KTNQ 1020",06/18/18,06/18/18,08:05 PM,11:05 PM,FALSE,TRUE,06/18/18,04:05 PM,07:05 PM,FREE,BUSY
06/19/18,05:05 PM,08:05 PM,Dodgers at Cubs,Wrigley Field - Chicago,"Local TV: SportsNet LA- SNLA Spanish ----- Local Radio: AM 570 LA Sports- KTNQ 1020",06/19/18,06/19/18,08:05 PM,11:05 PM,FALSE,TRUE,06/19/18,04:05 PM,07:05 PM,FREE,BUSY
06/20/18,11:20 AM,02:20 PM,Dodgers at Cubs,Wrigley Field - Chicago,"Local TV: SportsNet LA- SNLA Spanish ----- Local Radio: AM 570 LA Sports- KTNQ 1020",06/20/18,06/20/18,02:20 PM,05:20 PM,FALSE,TRUE,06/20/18,10:20 AM,01:20 PM,FREE,BUSY
06/22/18,04:10 PM,07:10 PM,Dodgers at Mets,Citi Field - Flushing,"Local TV: SportsNet LA- SNLA Spanish ----- Local Radio: AM 570 LA Sports- KTNQ 1020",06/22/18,06/22/18,07:10 PM,10:10 PM,FALSE,TRUE,06/22/18,03:10 PM,06:10 PM,FREE,BUSY
06/23/18,04:15 PM,07:15 PM,Dodgers at Mets,Citi Field - Flushing,"Local TV: FOX ----- Local Radio: AM 570 LA Sports- KTNQ 1020",06/23/18,06/23/18,07:15 PM,10:15 PM,FALSE,TRUE,06/23/18,03:15 PM,06:15 PM,FREE,BUSY
06/24/18,10:10 AM,01:10 PM,Dodgers at Mets,Citi Field - Flushing,"Local TV: SportsNet LA- SNLA Spanish ----- Local Radio: AM 570 LA Sports- KTNQ 1020",06/24/18,06/24/18,01:10 PM,04:10 PM,FALSE,TRUE,06/24/18,09:10 AM,12:10 PM,FREE,BUSY
06/25/18,07:10 PM,10:10 PM,Cubs at Dodgers,Dodger Stadium - Los Angeles,"Local TV: SportsNet LA- SNLA Spanish ----- Local Radio: AM 570 LA Sports- KTNQ 1020",06/25/18,06/26/18,10:10 PM,01:10 AM,FALSE,TRUE,06/25/18,06:10 PM,09:10 PM,FREE,BUSY
06/26/18,07:10 PM,10:10 PM,Cubs at Dodgers,Dodger Stadium - Los Angeles,"Local TV: SportsNet LA- SNLA Spanish ----- Local Radio: AM 570 LA Sports- KTNQ 1020",06/26/18,06/27/18,10:10 PM,01:10 AM,FALSE,TRUE,06/26/18,06:10 PM,09:10 PM,FREE,BUSY
06/27/18,07:10 PM,10:10 PM,Cubs at Dodgers,Dodger Stadium - Los Angeles,"Local TV: SportsNet LA- SNLA Spanish ----- Local Radio: AM 570 LA Sports- KTNQ 1020",06/27/18,06/28/18,10:10 PM,01:10 AM,FALSE,TRUE,06/27/18,06:10 PM,09:10 PM,FREE,BUSY
06/28/18,12:10 PM,03:10 PM,Cubs at Dodgers,Dodger Stadium - Los Angeles,"Local TV: SportsNet LA- SNLA Spanish ----- Local Radio: AM 570 LA Sports- KTNQ 1020",06/28/18,06/28/18,03:10 PM,06:10 PM,FALSE,TRUE,06/28/18,11:10 AM,02:10 PM,FREE,BUSY
06/29/18,07:10 PM,10:10 PM,Rockies at Dodgers,Dodger Stadium - Los Angeles,"Local TV: SportsNet LA- SNLA Spanish ----- Local Radio: AM 570 LA Sports- KTNQ 1020",06/29/18,06/30/18,10:10 PM,01:10 AM,FALSE,TRUE,06/29/18,06:10 PM,09:10 PM,FREE,BUSY
06/30/18,04:15 PM,07:15 PM,Rockies at Dodgers,Dodger Stadium - Los Angeles,"Local TV: FOX ----- Local Radio: AM 570 LA Sports- KTNQ 1020",06/30/18,06/30/18,07:15 PM,10:15 PM,FALSE,TRUE,06/30/18,03:15 PM,06:15 PM,FREE,BUSY
07/01/18,01:10 PM,04:10 PM,Rockies at Dodgers,Dodger Stadium - Los Angeles,"Local TV: SportsNet LA- SNLA Spanish ----- Local Radio: AM 570 LA Sports- KTNQ 1020",07/01/18,07/01/18,04:10 PM,07:10 PM,FALSE,TRUE,07/01/18,12:10 PM,03:10 PM,FREE,BUSY
07/02/18,07:10 PM,10:10 PM,Pirates at Dodgers,Dodger Stadium - Los Angeles,"Local TV: SportsNet LA- SNLA Spanish ----- Local Radio: AM 570 LA Sports- KTNQ 1020",07/02/18,07/03/18,10:10 PM,01:10 AM,FALSE,TRUE,07/02/18,06:10 PM,09:10 PM,FREE,BUSY
07/03/18,07:10 PM,10:10 PM,Pirates at Dodgers,Dodger Stadium - Los Angeles,"Local TV: SportsNet LA- SNLA Spanish ----- Local Radio: AM 570 LA Sports- KTNQ 1020",07/03/18,07/04/18,10:10 PM,01:10 AM,FALSE,TRUE,07/03/18,06:10 PM,09:10 PM,FREE,BUSY
07/04/18,05:10 PM,08:10 PM,Pirates at Dodgers,Dodger Stadium - Los Angeles,"Local TV: SportsNet LA- SNLA Spanish ----- Local Radio: AM 570 LA Sports- KTNQ 1020",07/04/18,07/04/18,08:10 PM,11:10 PM,FALSE,TRUE,07/04/18,04:10 PM,07:10 PM,FREE,BUSY
07/06/18,07:07 PM,10:07 PM,Dodgers at Angels,Angel Stadium of Anaheim - Anaheim,"Local TV: SportsNet LA- SNLA Spanish ----- Local Radio: AM 570 LA Sports- KTNQ 1020",07/06/18,07/07/18,10:07 PM,01:07 AM,FALSE,TRUE,07/06/18,06:07 PM,09:07 PM,FREE,BUSY
07/07/18,04:15 PM,07:15 PM,Dodgers at Angels,Angel Stadium of Anaheim - Anaheim,"Local TV: FOX ----- Local Radio: AM 570 LA Sports- KTNQ 1020",07/07/18,07/07/18,07:15 PM,10:15 PM,FALSE,TRUE,07/07/18,03:15 PM,06:15 PM,FREE,BUSY
07/08/18,,,Dodgers at Angels - Time TBD,Angel Stadium of Anaheim - Anaheim,"Local TV: SportsNet LA- SNLA Spanish ----- Local Radio: AM 570 LA Sports- KTNQ 1020",07/08/18,07/08/18,,,FALSE,TRUE,07/08/18,,,FREE,BUSY
07/09/18,07:10 PM,10:10 PM,Dodgers at Padres,Petco Park - San Diego,"Local TV: SportsNet LA- SNLA Spanish ----- Local Radio: AM 570 LA Sports- KTNQ 1020",07/09/18,07/10/18,10:10 PM,01:10 AM,FALSE,TRUE,07/09/18,06:10 PM,09:10 PM,FREE,BUSY
07/10/18,07:10 PM,10:10 PM,Dodgers at Padres,Petco Park - San Diego,"Local TV: SportsNet LA- SNLA Spanish ----- Local Radio: AM 570 LA Sports- KTNQ 1020",07/10/18,07/11/18,10:10 PM,01:10 AM,FALSE,TRUE,07/10/18,06:10 PM,09:10 PM,FREE,BUSY
07/11/18,07:10 PM,10:10 PM,Dodgers at Padres,Petco Park - San Diego,"Local TV: SportsNet LA- SNLA Spanish ----- Local Radio: AM 570 LA Sports- KTNQ 1020",07/11/18,07/12/18,10:10 PM,01:10 AM,FALSE,TRUE,07/11/18,06:10 PM,09:10 PM,FREE,BUSY
07/12/18,07:10 PM,10:10 PM,Dodgers at Padres,Petco Park - San Diego,"Local TV: SportsNet LA- SNLA Spanish ----- Local Radio: AM 570 LA Sports- KTNQ 1020",07/12/18,07/13/18,10:10 PM,01:10 AM,FALSE,TRUE,07/12/18,06:10 PM,09:10 PM,FREE,BUSY
07/13/18,07:10 PM,10:10 PM,Angels at Dodgers,Dodger Stadium - Los Angeles,"Local TV: SportsNet LA- SNLA Spanish ----- Local Radio: AM 570 LA Sports- KTNQ 1020",07/13/18,07/14/18,10:10 PM,01:10 AM,FALSE,TRUE,07/13/18,06:10 PM,09:10 PM,FREE,BUSY
07/14/18,04:15 PM,07:15 PM,Angels at Dodgers,Dodger Stadium - Los Angeles,"Local TV: FOX ----- Local Radio: AM 570 LA Sports- KTNQ 1020",07/14/18,07/14/18,07:15 PM,10:15 PM,FALSE,TRUE,07/14/18,03:15 PM,06:15 PM,FREE,BUSY
07/15/18,01:10 PM,04:10 PM,Angels at Dodgers,Dodger Stadium - Los Angeles,"Local TV: SportsNet LA- SNLA Spanish ----- Local Radio: AM 570 LA Sports- KTNQ 1020",07/15/18,07/15/18,04:10 PM,07:10 PM,FALSE,TRUE,07/15/18,12:10 PM,03:10 PM,FREE,BUSY
07/17/18,,,NL All-Stars at AL All-Stars - Time TBD,Nationals Park - Washington,"",07/17/18,07/17/18,,,FALSE,TRUE,07/17/18,,,FREE,BUSY
07/20/18,05:10 PM,08:10 PM,Dodgers at Brewers,Miller Park - Milwaukee,"Local TV: SportsNet LA- SNLA Spanish ----- Local Radio: AM 570 LA Sports- KTNQ 1020",07/20/18,07/20/18,08:10 PM,11:10 PM,FALSE,TRUE,07/20/18,04:10 PM,07:10 PM,FREE,BUSY
07/21/18,04:10 PM,07:10 PM,Dodgers at Brewers,Miller Park - Milwaukee,"Local TV: SportsNet LA- SNLA Spanish ----- Local Radio: AM 570 LA Sports- KTNQ 1020",07/21/18,07/21/18,07:10 PM,10:10 PM,FALSE,TRUE,07/21/18,03:10 PM,06:10 PM,FREE,BUSY
07/22/18,11:10 AM,02:10 PM,Dodgers at Brewers,Miller Park - Milwaukee,"Local TV: SportsNet LA- SNLA Spanish ----- Local Radio: AM 570 LA Sports- KTNQ 1020",07/22/18,07/22/18,02:10 PM,05:10 PM,FALSE,TRUE,07/22/18,10:10 AM,01:10 PM,FREE,BUSY
07/23/18,04:05 PM,07:05 PM,Dodgers at Phillies,Citizens Bank Park - Philadelphia,"Local TV: SportsNet LA- SNLA Spanish ----- Local Radio: AM 570 LA Sports- KTNQ 1020",07/23/18,07/23/18,07:05 PM,10:05 PM,FALSE,TRUE,07/23/18,03:05 PM,06:05 PM,FREE,BUSY
07/24/18,04:05 PM,07:05 PM,Dodgers at Phillies,Citizens Bank Park - Philadelphia,"Local TV: SportsNet LA- SNLA Spanish ----- Local Radio: AM 570 LA Sports- KTNQ 1020",07/24/18,07/24/18,07:05 PM,10:05 PM,FALSE,TRUE,07/24/18,03:05 PM,06:05 PM,FREE,BUSY
07/25/18,09:35 AM,12:35 PM,Dodgers at Phillies,Citizens Bank Park - Philadelphia,"Local TV: SportsNet LA- SNLA Spanish ----- Local Radio: AM 570 LA Sports- KTNQ 1020",07/25/18,07/25/18,12:35 PM,03:35 PM,FALSE,TRUE,07/25/18,08:35 AM,11:35 AM,FREE,BUSY
07/26/18,04:35 PM,07:35 PM,Dodgers at Braves,SunTrust Park - Atlanta,"Local TV: SportsNet LA- SNLA Spanish ----- Local Radio: AM 570 LA Sports- KTNQ 1020",07/26/18,07/26/18,07:35 PM,10:35 PM,FALSE,TRUE,07/26/18,03:35 PM,06:35 PM,FREE,BUSY
07/27/18,04:35 PM,07:35 PM,Dodgers at Braves,SunTrust Park - Atlanta,"Local TV: SportsNet LA- SNLA Spanish ----- Local Radio: AM 570 LA Sports- KTNQ 1020",07/27/18,07/27/18,07:35 PM,10:35 PM,FALSE,TRUE,07/27/18,03:35 PM,06:35 PM,FREE,BUSY
07/28/18,04:10 PM,07:10 PM,Dodgers at Braves,SunTrust Park - Atlanta,"Local TV: SportsNet LA- SNLA Spanish ----- Local Radio: AM 570 LA Sports- KTNQ 1020",07/28/18,07/28/18,07:10 PM,10:10 PM,FALSE,TRUE,07/28/18,03:10 PM,06:10 PM,FREE,BUSY
07/29/18,10:35 AM,01:35 PM,Dodgers at Braves,SunTrust Park - Atlanta,"Local TV: SportsNet LA- SNLA Spanish ----- Local Radio: AM 570 LA Sports- KTNQ 1020",07/29/18,07/29/18,01:35 PM,04:35 PM,FALSE,TRUE,07/29/18,09:35 AM,12:35 PM,FREE,BUSY
07/30/18,07:10 PM,10:10 PM,Brewers at Dodgers,Dodger Stadium - Los Angeles,"Local TV: SportsNet LA- SNLA Spanish ----- Local Radio: AM 570 LA Sports- KTNQ 1020",07/30/18,07/31/18,10:10 PM,01:10 AM,FALSE,TRUE,07/30/18,06:10 PM,09:10 PM,FREE,BUSY
07/31/18,07:10 PM,10:10 PM,Brewers at Dodgers,Dodger Stadium - Los Angeles,"Local TV: SportsNet LA- SNLA Spanish ----- Local Radio: AM 570 LA Sports- KTNQ 1020",07/31/18,08/01/18,10:10 PM,01:10 AM,FALSE,TRUE,07/31/18,06:10 PM,09:10 PM,FREE,BUSY
08/01/18,07:10 PM,10:10 PM,Brewers at Dodgers,Dodger Stadium - Los Angeles,"Local TV: SportsNet LA- SNLA Spanish ----- Local Radio: AM 570 LA Sports- KTNQ 1020",08/01/18,08/02/18,10:10 PM,01:10 AM,FALSE,TRUE,08/01/18,06:10 PM,09:10 PM,FREE,BUSY
08/02/18,06:00 PM,09:00 PM,Brewers at Dodgers,Dodger Stadium - Los Angeles,"Local TV: SportsNet LA- SNLA Spanish ----- Local Radio: AM 570 LA Sports- KTNQ 1020",08/02/18,08/03/18,09:00 PM,12:00 AM,FALSE,TRUE,08/02/18,05:00 PM,08:00 PM,FREE,BUSY
08/03/18,07:10 PM,10:10 PM,Astros at Dodgers,Dodger Stadium - Los Angeles,"Local TV: SportsNet LA- SNLA Spanish ----- Local Radio: AM 570 LA Sports- KTNQ 1020",08/03/18,08/04/18,10:10 PM,01:10 AM,FALSE,TRUE,08/03/18,06:10 PM,09:10 PM,FREE,BUSY
08/04/18,06:10 PM,09:10 PM,Astros at Dodgers,Dodger Stadium - Los Angeles,"Local TV: SportsNet LA- SNLA Spanish ----- Local Radio: AM 570 LA Sports- KTNQ 1020",08/04/18,08/05/18,09:10 PM,12:10 AM,FALSE,TRUE,08/04/18,05:10 PM,08:10 PM,FREE,BUSY
08/05/18,01:10 PM,04:10 PM,Astros at Dodgers,Dodger Stadium - Los Angeles,"Local TV: SportsNet LA- SNLA Spanish ----- Local Radio: AM 570 LA Sports- KTNQ 1020",08/05/18,08/05/18,04:10 PM,07:10 PM,FALSE,TRUE,08/05/18,12:10 PM,03:10 PM,FREE,BUSY
08/07/18,07:05 PM,10:05 PM,Dodgers at Athletics,Oakland Coliseum - Oakland,"Local TV: SportsNet LA- SNLA Spanish ----- Local Radio: AM 570 LA Sports- KTNQ 1020",08/07/18,08/08/18,10:05 PM,01:05 AM,FALSE,TRUE,08/07/18,06:05 PM,09:05 PM,FREE,BUSY
08/08/18,07:05 PM,10:05 PM,Dodgers at Athletics,Oakland Coliseum - Oakland,"Local TV: SportsNet LA- SNLA Spanish ----- Local Radio: AM 570 LA Sports- KTNQ 1020",08/08/18,08/09/18,10:05 PM,01:05 AM,FALSE,TRUE,08/08/18,06:05 PM,09:05 PM,FREE,BUSY
08/09/18,05:40 PM,08:40 PM,Dodgers at Rockies,Coors Field - Denver,"Local TV: SportsNet LA- SNLA Spanish ----- Local Radio: AM 570 LA Sports- KTNQ 1020",08/09/18,08/09/18,08:40 PM,11:40 PM,FALSE,TRUE,08/09/18,04:40 PM,07:40 PM,FREE,BUSY
08/10/18,05:40 PM,08:40 PM,Dodgers at Rockies,Coors Field - Denver,"Local TV: SportsNet LA- SNLA Spanish ----- Local Radio: AM 570 LA Sports- KTNQ 1020",08/10/18,08/10/18,08:40 PM,11:40 PM,FALSE,TRUE,08/10/18,04:40 PM,07:40 PM,FREE,BUSY
08/11/18,05:10 PM,08:10 PM,Dodgers at Rockies,Coors Field - Denver,"Local TV: SportsNet LA- SNLA Spanish ----- Local Radio: AM 570 LA Sports- KTNQ 1020",08/11/18,08/11/18,08:10 PM,11:10 PM,FALSE,TRUE,08/11/18,04:10 PM,07:10 PM,FREE,BUSY
08/12/18,12:10 PM,03:10 PM,Dodgers at Rockies,Coors Field - Denver,"Local TV: SportsNet LA- SNLA Spanish ----- Local Radio: AM 570 LA Sports- KTNQ 1020",08/12/18,08/12/18,03:10 PM,06:10 PM,FALSE,TRUE,08/12/18,11:10 AM,02:10 PM,FREE,BUSY
08/13/18,07:10 PM,10:10 PM,Giants at Dodgers,Dodger Stadium - Los Angeles,"Local TV: SportsNet LA- SNLA Spanish ----- Local Radio: AM 570 LA Sports- KTNQ 1020",08/13/18,08/14/18,10:10 PM,01:10 AM,FALSE,TRUE,08/13/18,06:10 PM,09:10 PM,FREE,BUSY
08/14/18,07:10 PM,10:10 PM,Giants at Dodgers,Dodger Stadium - Los Angeles,"Local TV: SportsNet LA- SNLA Spanish ----- Local Radio: AM 570 LA Sports- KTNQ 1020",08/14/18,08/15/18,10:10 PM,01:10 AM,FALSE,TRUE,08/14/18,06:10 PM,09:10 PM,FREE,BUSY
08/15/18,07:10 PM,10:10 PM,Giants at Dodgers,Dodger Stadium - Los Angeles,"Local TV: SportsNet LA- SNLA Spanish ----- Local Radio: AM 570 LA Sports- KTNQ 1020",08/15/18,08/16/18,10:10 PM,01:10 AM,FALSE,TRUE,08/15/18,06:10 PM,09:10 PM,FREE,BUSY
08/17/18,07:10 PM,10:10 PM,Dodgers at Mariners,Safeco Field - Seattle,"Local TV: SportsNet LA- SNLA Spanish ----- Local Radio: AM 570 LA Sports- KTNQ 1020",08/17/18,08/18/18,10:10 PM,01:10 AM,FALSE,TRUE,08/17/18,06:10 PM,09:10 PM,FREE,BUSY
08/18/18,07:10 PM,10:10 PM,Dodgers at Mariners,Safeco Field - Seattle,"Local TV: SportsNet LA- SNLA Spanish ----- Local Radio: AM 570 LA Sports- KTNQ 1020",08/18/18,08/19/18,10:10 PM,01:10 AM,FALSE,TRUE,08/18/18,06:10 PM,09:10 PM,FREE,BUSY
08/19/18,01:10 PM,04:10 PM,Dodgers at Mariners,Safeco Field - Seattle,"Local TV: SportsNet LA- SNLA Spanish ----- Local Radio: AM 570 LA Sports- KTNQ 1020",08/19/18,08/19/18,04:10 PM,07:10 PM,FALSE,TRUE,08/19/18,12:10 PM,03:10 PM,FREE,BUSY
08/20/18,07:10 PM,10:10 PM,Cardinals at Dodgers,Dodger Stadium - Los Angeles,"Local TV: SportsNet LA- SNLA Spanish ----- Local Radio: AM 570 LA Sports- KTNQ 1020",08/20/18,08/21/18,10:10 PM,01:10 AM,FALSE,TRUE,08/20/18,06:10 PM,09:10 PM,FREE,BUSY
08/21/18,07:10 PM,10:10 PM,Cardinals at Dodgers,Dodger Stadium - Los Angeles,"Local TV: SportsNet LA- SNLA Spanish ----- Local Radio: AM 570 LA Sports- KTNQ 1020",08/21/18,08/22/18,10:10 PM,01:10 AM,FALSE,TRUE,08/21/18,06:10 PM,09:10 PM,FREE,BUSY
08/22/18,07:10 PM,10:10 PM,Cardinals at Dodgers,Dodger Stadium - Los Angeles,"Local TV: SportsNet LA- SNLA Spanish ----- Local Radio: AM 570 LA Sports- KTNQ 1020",08/22/18,08/23/18,10:10 PM,01:10 AM,FALSE,TRUE,08/22/18,06:10 PM,09:10 PM,FREE,BUSY
08/24/18,07:10 PM,10:10 PM,Padres at Dodgers,Dodger Stadium - Los Angeles,"Local TV: SportsNet LA- SNLA Spanish ----- Local Radio: AM 570 LA Sports- KTNQ 1020",08/24/18,08/25/18,10:10 PM,01:10 AM,FALSE,TRUE,08/24/18,06:10 PM,09:10 PM,FREE,BUSY
08/25/18,06:10 PM,09:10 PM,Padres at Dodgers,Dodger Stadium - Los Angeles,"Local TV: SportsNet LA- SNLA Spanish ----- Local Radio: AM 570 LA Sports- KTNQ 1020",08/25/18,08/26/18,09:10 PM,12:10 AM,FALSE,TRUE,08/25/18,05:10 PM,08:10 PM,FREE,BUSY
08/26/18,01:10 PM,04:10 PM,Padres at Dodgers,Dodger Stadium - Los Angeles,"Local TV: SportsNet LA- SNLA Spanish ----- Local Radio: AM 570 LA Sports- KTNQ 1020",08/26/18,08/26/18,04:10 PM,07:10 PM,FALSE,TRUE,08/26/18,12:10 PM,03:10 PM,FREE,BUSY
08/28/18,05:05 PM,08:05 PM,Dodgers at Rangers,Globe Life Park in Arlington - Arlington,"Local TV: SportsNet LA- SNLA Spanish ----- Local Radio: AM 570 LA Sports- KTNQ 1020",08/28/18,08/28/18,08:05 PM,11:05 PM,FALSE,TRUE,08/28/18,04:05 PM,07:05 PM,FREE,BUSY
08/29/18,05:05 PM,08:05 PM,Dodgers at Rangers,Globe Life Park in Arlington - Arlington,"Local TV: SportsNet LA- SNLA Spanish ----- Local Radio: AM 570 LA Sports- KTNQ 1020",08/29/18,08/29/18,08:05 PM,11:05 PM,FALSE,TRUE,08/29/18,04:05 PM,07:05 PM,FREE,BUSY
08/30/18,07:10 PM,10:10 PM,D-backs at Dodgers,Dodger Stadium - Los Angeles,"Local TV: SportsNet LA- SNLA Spanish ----- Local Radio: AM 570 LA Sports- KTNQ 1020",08/30/18,08/31/18,10:10 PM,01:10 AM,FALSE,TRUE,08/30/18,06:10 PM,09:10 PM,FREE,BUSY
08/31/18,07:10 PM,10:10 PM,D-backs at Dodgers,Dodger Stadium - Los Angeles,"Local TV: SportsNet LA- SNLA Spanish ----- Local Radio: AM 570 LA Sports- KTNQ 1020",08/31/18,09/01/18,10:10 PM,01:10 AM,FALSE,TRUE,08/31/18,06:10 PM,09:10 PM,FREE,BUSY
09/01/18,06:10 PM,09:10 PM,D-backs at Dodgers,Dodger Stadium - Los Angeles,"Local TV: SportsNet LA- SNLA Spanish ----- Local Radio: AM 570 LA Sports- KTNQ 1020",09/01/18,09/02/18,09:10 PM,12:10 AM,FALSE,TRUE,09/01/18,05:10 PM,08:10 PM,FREE,BUSY
09/02/18,01:10 PM,04:10 PM,D-backs at Dodgers,Dodger Stadium - Los Angeles,"Local TV: SportsNet LA- SNLA Spanish ----- Local Radio: AM 570 LA Sports- KTNQ 1020",09/02/18,09/02/18,04:10 PM,07:10 PM,FALSE,TRUE,09/02/18,12:10 PM,03:10 PM,FREE,BUSY
09/03/18,05:10 PM,08:10 PM,Mets at Dodgers,Dodger Stadium - Los Angeles,"Local TV: SportsNet LA- SNLA Spanish ----- Local Radio: AM 570 LA Sports- KTNQ 1020",09/03/18,09/03/18,08:10 PM,11:10 PM,FALSE,TRUE,09/03/18,04:10 PM,07:10 PM,FREE,BUSY
09/04/18,07:10 PM,10:10 PM,Mets at Dodgers,Dodger Stadium - Los Angeles,"Local TV: SportsNet LA- SNLA Spanish ----- Local Radio: AM 570 LA Sports- KTNQ 1020",09/04/18,09/05/18,10:10 PM,01:10 AM,FALSE,TRUE,09/04/18,06:10 PM,09:10 PM,FREE,BUSY
09/05/18,04:35 PM,07:35 PM,Mets at Dodgers,Dodger Stadium - Los Angeles,"Local TV: SportsNet LA- SNLA Spanish ----- Local Radio: AM 570 LA Sports- KTNQ 1020",09/05/18,09/05/18,07:35 PM,10:35 PM,FALSE,TRUE,09/05/18,03:35 PM,06:35 PM,FREE,BUSY
09/07/18,05:40 PM,08:40 PM,Dodgers at Rockies,Coors Field - Denver,"Local TV: SportsNet LA- SNLA Spanish ----- Local Radio: AM 570 LA Sports- KTNQ 1020",09/07/18,09/07/18,08:40 PM,11:40 PM,FALSE,TRUE,09/07/18,04:40 PM,07:40 PM,FREE,BUSY
09/08/18,05:10 PM,08:10 PM,Dodgers at Rockies,Coors Field - Denver,"Local TV: SportsNet LA- SNLA Spanish ----- Local Radio: AM 570 LA Sports- KTNQ 1020",09/08/18,09/08/18,08:10 PM,11:10 PM,FALSE,TRUE,09/08/18,04:10 PM,07:10 PM,FREE,BUSY
09/09/18,12:10 PM,03:10 PM,Dodgers at Rockies,Coors Field - Denver,"Local TV: SportsNet LA- SNLA Spanish ----- Local Radio: AM 570 LA Sports- KTNQ 1020",09/09/18,09/09/18,03:10 PM,06:10 PM,FALSE,TRUE,09/09/18,11:10 AM,02:10 PM,FREE,BUSY
09/10/18,03:40 PM,06:40 PM,Dodgers at Reds,Great American Ball Park - Cincinnati,"Local TV: SportsNet LA- SNLA Spanish ----- Local Radio: AM 570 LA Sports- KTNQ 1020",09/10/18,09/10/18,06:40 PM,09:40 PM,FALSE,TRUE,09/10/18,02:40 PM,05:40 PM,FREE,BUSY
09/11/18,03:40 PM,06:40 PM,Dodgers at Reds,Great American Ball Park - Cincinnati,"Local TV: SportsNet LA- SNLA Spanish ----- Local Radio: AM 570 LA Sports- KTNQ 1020",09/11/18,09/11/18,06:40 PM,09:40 PM,FALSE,TRUE,09/11/18,02:40 PM,05:40 PM,FREE,BUSY
09/12/18,09:35 AM,12:35 PM,Dodgers at Reds,Great American Ball Park - Cincinnati,"Local TV: SportsNet LA- SNLA Spanish ----- Local Radio: AM 570 LA Sports- KTNQ 1020",09/12/18,09/12/18,12:35 PM,03:35 PM,FALSE,TRUE,09/12/18,08:35 AM,11:35 AM,FREE,BUSY
09/13/18,04:15 PM,07:15 PM,Dodgers at Cardinals,Busch Stadium - St. Louis,"Local TV: SportsNet LA- SNLA Spanish ----- Local Radio: AM 570 LA Sports- KTNQ 1020",09/13/18,09/13/18,07:15 PM,10:15 PM,FALSE,TRUE,09/13/18,03:15 PM,06:15 PM,FREE,BUSY
09/14/18,05:15 PM,08:15 PM,Dodgers at Cardinals,Busch Stadium - St. Louis,"Local TV: SportsNet LA- SNLA Spanish ----- Local Radio: AM 570 LA Sports- KTNQ 1020",09/14/18,09/14/18,08:15 PM,11:15 PM,FALSE,TRUE,09/14/18,04:15 PM,07:15 PM,FREE,BUSY
09/15/18,10:05 AM,01:05 PM,Dodgers at Cardinals,Busch Stadium - St. Louis,"Local TV: FOX- SNLA Spanish ----- Local Radio: AM 570 LA Sports- KTNQ 1020",09/15/18,09/15/18,01:05 PM,04:05 PM,FALSE,TRUE,09/15/18,09:05 AM,12:05 PM,FREE,BUSY
09/16/18,11:15 AM,02:15 PM,Dodgers at Cardinals,Busch Stadium - St. Louis,"Local TV: SportsNet LA- SNLA Spanish ----- Local Radio: AM 570 LA Sports- KTNQ 1020",09/16/18,09/16/18,02:15 PM,05:15 PM,FALSE,TRUE,09/16/18,10:15 AM,01:15 PM,FREE,BUSY
09/17/18,07:10 PM,10:10 PM,Rockies at Dodgers,Dodger Stadium - Los Angeles,"Local TV: SportsNet LA- SNLA Spanish ----- Local Radio: AM 570 LA Sports- KTNQ 1020",09/17/18,09/18/18,10:10 PM,01:10 AM,FALSE,TRUE,09/17/18,06:10 PM,09:10 PM,FREE,BUSY
09/18/18,07:10 PM,10:10 PM,Rockies at Dodgers,Dodger Stadium - Los Angeles,"Local TV: SportsNet LA- SNLA Spanish ----- Local Radio: AM 570 LA Sports- KTNQ 1020",09/18/18,09/19/18,10:10 PM,01:10 AM,FALSE,TRUE,09/18/18,06:10 PM,09:10 PM,FREE,BUSY
09/19/18,07:10 PM,10:10 PM,Rockies at Dodgers,Dodger Stadium - Los Angeles,"Local TV: SportsNet LA- SNLA Spanish ----- Local Radio: AM 570 LA Sports- KTNQ 1020",09/19/18,09/20/18,10:10 PM,01:10 AM,FALSE,TRUE,09/19/18,06:10 PM,09:10 PM,FREE,BUSY
09/21/18,07:10 PM,10:10 PM,Padres at Dodgers,Dodger Stadium - Los Angeles,"Local TV: SportsNet LA- SNLA Spanish ----- Local Radio: AM 570 LA Sports- KTNQ 1020",09/21/18,09/22/18,10:10 PM,01:10 AM,FALSE,TRUE,09/21/18,06:10 PM,09:10 PM,FREE,BUSY
09/22/18,06:10 PM,09:10 PM,Padres at Dodgers,Dodger Stadium - Los Angeles,"Local TV: SportsNet LA- SNLA Spanish ----- Local Radio: AM 570 LA Sports- KTNQ 1020",09/22/18,09/23/18,09:10 PM,12:10 AM,FALSE,TRUE,09/22/18,05:10 PM,08:10 PM,FREE,BUSY
09/23/18,01:10 PM,04:10 PM,Padres at Dodgers,Dodger Stadium - Los Angeles,"Local TV: SportsNet LA- SNLA Spanish ----- Local Radio: AM 570 LA Sports- KTNQ 1020",09/23/18,09/23/18,04:10 PM,07:10 PM,FALSE,TRUE,09/23/18,12:10 PM,03:10 PM,FREE,BUSY
09/24/18,06:40 PM,09:40 PM,Dodgers at D-backs,Chase Field - Phoenix,"Local TV: SportsNet LA- SNLA Spanish ----- Local Radio: AM 570 LA Sports- KTNQ 1020",09/24/18,09/25/18,09:40 PM,12:40 AM,FALSE,TRUE,09/24/18,05:40 PM,08:40 PM,FREE,BUSY
09/25/18,06:40 PM,09:40 PM,Dodgers at D-backs,Chase Field - Phoenix,"Local TV: SportsNet LA- SNLA Spanish ----- Local Radio: AM 570 LA Sports- KTNQ 1020",09/25/18,09/26/18,09:40 PM,12:40 AM,FALSE,TRUE,09/25/18,05:40 PM,08:40 PM,FREE,BUSY
09/26/18,06:40 PM,09:40 PM,Dodgers at D-backs,Chase Field - Phoenix,"Local TV: SportsNet LA- SNLA Spanish ----- Local Radio: AM 570 LA Sports- KTNQ 1020",09/26/18,09/27/18,09:40 PM,12:40 AM,FALSE,TRUE,09/26/18,05:40 PM,08:40 PM,FREE,BUSY
09/28/18,07:15 PM,10:15 PM,Dodgers at Giants,AT&T Park - San Francisco,"Local TV: SportsNet LA- SNLA Spanish ----- Local Radio: AM 570 LA Sports- KTNQ 1020",09/28/18,09/29/18,10:15 PM,01:15 AM,FALSE,TRUE,09/28/18,06:15 PM,09:15 PM,FREE,BUSY
09/29/18,01:05 PM,04:05 PM,Dodgers at Giants,AT&T Park - San Francisco,"Local TV: SportsNet LA- SNLA Spanish ----- Local Radio: AM 570 LA Sports- KTNQ 1020",09/29/18,09/29/18,04:05 PM,07:05 PM,FALSE,TRUE,09/29/18,12:05 PM,03:05 PM,FREE,BUSY
09/30/18,12:05 PM,03:05 PM,Dodgers at Giants,AT&T Park - San Francisco,"Local TV: SportsNet LA- SNLA Spanish ----- Local Radio: AM 570 LA Sports- KTNQ 1020",09/30/18,09/30/18,03:05 PM,06:05 PM,FALSE,TRUE,09/30/18,11:05 AM,02:05 PM,FREE,BUSY
